study_id,country,facility_type,measure,numerator,denominator,denominator_definition,notes,url,proportion,ci_low,ci_high
KAWAI2025,Japan,Neurosurgical facilities,Survey response,656,1220,Sampled facilities,53.8% response,https://doi.org/10.1186/s12987-025-00681-6,0.5377049180327869,0.5092557241394366,0.5659719767319077
KAWAI2025,Japan,Neurosurgical facilities,Performed ≥1 shunt in 2022,450,656,Responding facilities,67 missing/unclear; do not treat remainder as zero-shunt automatically,https://doi.org/10.1186/s12987-025-00681-6,0.6859756097560976,0.6489181788887826,0.7213495278454716
KAWAI2025,Japan,Neurosurgical facilities,Performed zero shunts in 2022,139,656,Responding facilities,NA,https://doi.org/10.1186/s12987-025-00681-6,0.21189024390243902,0.18121127601672848,0.24518679637181529
KAWAI2025,Japan,Neurosurgical facilities,Policy not to shunt locally; refer out,30,656,Responding facilities,NA,https://doi.org/10.1186/s12987-025-00681-6,0.04573170731707317,0.031064432671698672,0.06464374210429513
KAWAI2025,Japan,Shunting facilities,Used Japanese guidelines,415,450,Facilities performing shunts,NA,https://doi.org/10.1186/s12987-025-00681-6,0.9222222222222223,0.8934882037362127,0.9452292898755986
KAWAI2025,Japan,Shunting facilities,Aware of DESH,435,450,Facilities performing shunts,NA,https://doi.org/10.1186/s12987-025-00681-6,0.9666666666666667,0.9456170989832979,0.9812258863222821
KAWAI2025,Japan,Shunting facilities,Collaborated with internal medicine,201,450,Facilities performing shunts,NA,https://doi.org/10.1186/s12987-025-00681-6,0.44666666666666666,0.40010476740413425,0.49393406563803
KAWAI2025,Japan,Shunting facilities,Hesitation: inadequate care/institutionalized,252,450,Facilities performing shunts,"Facility attitude, not a patient denial count",https://doi.org/10.1186/s12987-025-00681-6,0.56,0.5127583602022764,0.6064479159826182
KAWAI2025,Japan,Shunting facilities,Hesitation: schizophrenia,199,450,Facilities performing shunts,NA,https://doi.org/10.1186/s12987-025-00681-6,0.44222222222222224,0.39573538569538536,0.4894733731446028
KAWAI2025,Japan,Shunting facilities,Hesitation: Alzheimer disease,192,450,Facilities performing shunts,NA,https://doi.org/10.1186/s12987-025-00681-6,0.4266666666666667,0.3804718207380835,0.4738317256653646
KAWAI2025,Japan,Shunting facilities,Hesitation: no DESH,187,450,Facilities performing shunts,NA,https://doi.org/10.1186/s12987-025-00681-6,0.41555555555555557,0.3695973935630392,0.4626310544702319
KAWAI2025,Japan,Shunting facilities,Hesitation: inability to stop antithrombotics,153,450,Facilities performing shunts,NA,https://doi.org/10.1186/s12987-025-00681-6,0.34,0.2962985395300304,0.3858211126850445
KAWAI2025,Japan,Shunting facilities,Hesitation: severe spinal stenosis,138,450,Facilities performing shunts,NA,https://doi.org/10.1186/s12987-025-00681-6,0.30666666666666664,0.2643444669701712,0.35155231768159745
KAWAI2025,Japan,Shunting facilities,Hesitation: dialysis,134,450,Facilities performing shunts,NA,https://doi.org/10.1186/s12987-025-00681-6,0.29777777777777775,0.25586654014074384,0.34237105204703056
KAWAI2025,Japan,Shunting facilities,Hesitation: Parkinson syndrome,88,450,Facilities performing shunts,NA,https://doi.org/10.1186/s12987-025-00681-6,0.19555555555555557,0.15990206749605274,0.235266885741518
KAZUI2022,Japan,Medical Centers for Dementia,Survey response,279,456,All centers,61.2% response,https://doi.org/10.3389/fneur.2022.810116,0.6118421052631579,0.5654083752175015,0.6568151897919665
KAZUI2022,Japan,Medical Centers for Dementia,Refer suspected iNPH to other hospitals,220,279,Responding centers,NA,https://doi.org/10.3389/fneur.2022.810116,0.7885304659498208,0.7358711808925231,0.8349457922252161
KAZUI2022,Japan,Medical Centers for Dementia,Tap test performed locally,44,279,Responding centers,NA,https://doi.org/10.3389/fneur.2022.810116,0.15770609318996415,0.11698791151379095,0.20587155611637675
KAZUI2022,Japan,Medical Centers for Dementia,Shunt performed locally,23,279,Responding centers,NA,https://doi.org/10.3389/fneur.2022.810116,0.08243727598566308,0.05297510534964378,0.12112899612804506
KAZUI2022,Japan,Medical Centers for Dementia,Used Japanese guidelines,110,279,Responding centers,NA,https://doi.org/10.3389/fneur.2022.810116,0.3942652329749104,0.33652594396744107,0.45427571885294904
KAZUI2022,Japan,Medical Centers for Dementia,Aware of DESH,106,279,Responding centers,NA,https://doi.org/10.3389/fneur.2022.810116,0.37992831541218636,0.32272979720185835,0.4397066630693829
KAZUI2022,Japan,Medical Centers for Dementia,Barrier: neurosurgeon judged no shunt indication,86,279,Responding centers,Facility-reported reason,https://doi.org/10.3389/fneur.2022.810116,0.30824372759856633,0.25456318578091763,0.366052368860328
KAZUI2022,Japan,Medical Centers for Dementia,Barrier: no physician able to perform lumbar puncture,71,279,Responding centers,Facility capacity limitation,https://doi.org/10.3389/fneur.2022.810116,0.25448028673835127,0.20442984562396738,0.30982898728898733
ALTARAWNI2024,Germany,Neurosurgical departments,Survey response,114,135,Eligible clinics,National practice survey,https://doi.org/10.1007/s00701-024-06354-x,0.8444444444444444,0.7720982686865949,0.9010545681665957
ALTARAWNI2024,Germany,Responding clinics,Shunt decision by neurosurgeon alone,72,106,Clinics answering decision-maker item,Measure-specific denominator,https://doi.org/10.1007/s00701-024-06354-x,0.6792452830188679,0.5815706987346637,0.7666087829149146
ALTARAWNI2024,Germany,Responding clinics,Shunt decision jointly by neurosurgery and neurology,30,106,Clinics answering decision-maker item,Measure-specific denominator,https://doi.org/10.1007/s00701-024-06354-x,0.2830188679245283,0.19978182357881313,0.3787650375953424
ALTARAWNI2024,Germany,Responding clinics,Diagnostic evaluation available in either neurology or neurosurgery,73,113,Clinics answering evaluation-location item,Reflects cross-specialty access,https://doi.org/10.1007/s00701-024-06354-x,0.6460176991150443,0.5504962136889734,0.7336793311699545
ALTARAWNI2024,Germany,Responding clinics,Tap test always performed,79,113,Clinics answering tap-test item,No clinic reported never using tap test,https://doi.org/10.1007/s00701-024-06354-x,0.6991150442477876,0.6056762030480829,0.7818095555171689
ALTARAWNI2024,Germany,Responding clinics,Tap test always or mostly performed,97,113,Clinics answering tap-test item,79 always plus 18 mostly,https://doi.org/10.1007/s00701-024-06354-x,0.8584070796460177,0.7802677060102547,0.916847873027636
ALTARAWNI2024,Germany,Responding clinics,Standardized clinical evaluation used,77,114,All responding clinics,Instrument not necessarily identical across clinics,https://doi.org/10.1007/s00701-024-06354-x,0.6754385964912281,0.581367811840052,0.7601385359953108
ALTARAWNI2024,Germany,Responding clinics,MMSE used,83,114,All responding clinics,Cognitive assessment practice,https://doi.org/10.1007/s00701-024-06354-x,0.7280701754385965,0.6367470432218106,0.8071740068527213
ALTARAWNI2024,Germany,Responding clinics,MoCA used,23,114,All responding clinics,Cognitive assessment practice,https://doi.org/10.1007/s00701-024-06354-x,0.20175438596491227,0.13240350009468105,0.28718994719612245
ALTARAWNI2024,Germany,Responding clinics,Lumbar infusion test never used,95,113,Clinics answering infusion-test item,One always and 12 sometimes; some responses not accounted for,https://doi.org/10.1007/s00701-024-06354-x,0.8407079646017699,0.759982156022981,0.9027742698802811
