analysis_id,study_id,year,country,design,entry_setting,test_type,numerator,denominator,proportion,ci_low,ci_high,observed_nonprogression,source_type,decision_note
P1_REFERRAL_TO_SHUNT,GIANNINI2019,2019,Italy,Prospective observational,Specialist referral clinic,NA,43,154,0.2792207792207792,0.2100165081478763,0.35713089560858213,0.7207792207792207,reported,Initial referral denominator
P1_REFERRAL_TO_SHUNT,ALHUSAINI2024,2024,USA,Prospective implementation cohort,Multidisciplinary referral clinic,NA,41,111,0.36936936936936937,0.2797082707942944,0.46618698590003216,0.6306306306306306,reported,Prospective implementation cohort
P1_REFERRAL_TO_SHUNT,MARTINLAEZ2016,2016,Spain,Prospective population referral cohort,Defined-catchment referral,NA,152,293,0.5187713310580204,0.4599146570611212,0.5772446341661719,0.4812286689419796,reported,Population catchment with active referral reminders
P1_REFERRAL_TO_SHUNT,PYYKKO2018,2018,Finland,Defined-population registry cohort,Defined-population referral registry,NA,269,536,0.5018656716417911,0.458694484731047,0.5450161839952911,0.4981343283582089,reported,Primary Kuopio report for this estimand
P1_REFERRAL_TO_SHUNT,MACKI2020,2020,USA,Retrospective multidisciplinary cohort,Multidisciplinary NPH conference,NA,86,330,0.2606060606060606,0.21406634883996722,0.31150068036719336,0.7393939393939394,reported,Conference-entry denominator
P1_REFERRAL_TO_SHUNT,MARMAROU2005,2005,USA,Prospective protocol cohort,Specialist clinical evaluation,ELD,102,151,0.6754966887417219,0.5946012981079711,0.7493478879996387,0.32450331125827814,reported,Clinical iNPH protocol cohort
P1_REFERRAL_TO_SHUNT,BECHAZEDDINE2001,2001,Denmark,Multidisciplinary memory-clinic cohort,Memory-clinic suspected referrals,NA,13,71,0.18309859154929578,0.1012555209784679,0.29272913517897836,0.8169014084507042,derived,Derived end-to-end effect from suspected referrals
P2_DIAGNOSED_TO_SHUNT,GIANNINI2019,2019,Italy,Prospective observational,Specialist referral clinic,NA,43,76,0.5657894736842105,0.44711911659363124,0.6791744264083925,0.4342105263157895,derived,Derived treatment receipt among diagnosed iNPH
P2_DIAGNOSED_TO_SHUNT,MARTINLAEZ2016,2016,Spain,Prospective population referral cohort,Defined-catchment referral,NA,152,187,0.8128342245989305,0.74943514953026,0.8660337338839634,0.1871657754010695,reported,Diagnosed iNPH denominator
P2_DIAGNOSED_TO_SHUNT,PYYKKO2018,2018,Finland,Defined-population registry cohort,Defined-population referral registry,NA,269,283,0.950530035335689,0.9183900639679103,0.9726938145524137,0.04946996466431097,reported,Primary Kuopio report for this estimand
P2_DIAGNOSED_TO_SHUNT,RAZAY2019,2019,Australia,Prospective memory-clinic cohort,Memory clinic,NA,29,62,0.46774193548387094,0.3398265878374893,0.5988410313264712,0.532258064516129,reported,Diagnosed iNPH denominator
P2_DIAGNOSED_TO_SHUNT,BECHAZEDDINE2001,2001,Denmark,Multidisciplinary memory-clinic cohort,Memory clinic,NA,13,14,0.9285714285714286,0.6613155100681788,0.9981932193408746,0.0714285714285714,reported,Diagnosed iNPH denominator
P2_DIAGNOSED_TO_SHUNT,BELZILE2026,2026,Canada,Retrospective clinical cohort,Probable iNPH after tap test,Tap test,114,175,0.6514285714285715,0.5758639581664149,0.7217656780380581,0.34857142857142853,reported,Probable iNPH denominator despite source stage E4
P2_DIAGNOSED_TO_SHUNT,POUDEL2026,2026,India,Prospective clinical cohort,Probable iNPH cohort,Tap test,24,40,0.6,0.43326705219329664,0.7513500134122562,0.4,reported,Probable iNPH denominator
S1_REFERRAL_TO_DIAGNOSIS,GIANNINI2019,2019,Italy,Prospective observational,Specialist referral clinic,NA,76,154,0.4935064935064935,0.41210232801694446,0.5751652998837933,0.5064935064935066,derived,Derived diagnostic yield from initial referrals
S1_REFERRAL_TO_DIAGNOSIS,ALHUSAINI2024,2024,USA,Prospective implementation cohort,Multidisciplinary referral clinic,NA,52,111,0.46846846846846846,0.37311421385363575,0.565546880809403,0.5315315315315315,reported,Probable iNPH among referrals
S1_REFERRAL_TO_DIAGNOSIS,MARTINLAEZ2016,2016,Spain,Prospective population referral cohort,Defined-catchment referral,NA,187,293,0.6382252559726962,0.5803186856379922,0.6933047164235334,0.3617747440273038,reported,Diagnosed iNPH among suspected referrals
S1_REFERRAL_TO_DIAGNOSIS,PYYKKO2018,2018,Finland,Defined-population registry cohort,Defined-population referral registry,NA,283,536,0.5279850746268657,0.4847349089066886,0.5709251085998461,0.4720149253731343,reported,Primary Kuopio diagnostic-yield report
S1_REFERRAL_TO_DIAGNOSIS,BECHAZEDDINE2001,2001,Denmark,Multidisciplinary memory-clinic cohort,Memory-clinic suspected referrals,NA,14,71,0.19718309859154928,0.1122078208455618,0.30864995715648336,0.8028169014084507,derived,Derived diagnostic yield from suspected referrals
S1_REFERRAL_TO_DIAGNOSIS,BREAN2008,2008,Norway,Population-referral diagnostic cohort,Active population-referral ascertainment,NA,48,86,0.5581395348837209,0.44695356641599815,0.6652055441010938,0.4418604651162791,derived,Active ascertainment may elevate referral yield
S2_TEST_COMPLETION,GALLINA2018,2018,Italy,Retrospective consecutive cohort,ELD-selected cohort,ELD,90,93,0.967741935483871,0.9086122051697977,0.9932975594152178,0.032258064516129004,reported,Attempted-to-completed procedure
S2_TEST_COMPLETION,KLASSEN2011,2011,USA,Population-linked retrospective cohort,Invasively evaluated suspected cohort,HVLP,38,41,0.926829268292683,0.8007540216233371,0.9846485284665834,0.07317073170731703,reported,Planned diagnostic procedure completion
S2_TEST_COMPLETION,OIKE2021,2021,Japan,Retrospective high-risk screening cohort,High-risk fall screening cohort,Tap test,34,44,0.7727272727272727,0.6215570524344805,0.8852664860614043,0.2272727272727273,reported,Possible iNPH selected for tap testing
S2_TEST_COMPLETION,MAHR2016,2016,Germany,Consecutive observational cohort,Consecutive suspected cohort,ELD,65,68,0.9558823529411765,0.8764373756682212,0.9908078047972126,0.044117647058823484,reported,Three patients received high-volume tap instead
S2_TEST_COMPLETION,MOREL2026,2026,Switzerland,Consecutive implementation cohort,Multidisciplinary implementation cohort,Tap test,42,45,0.9333333333333333,0.8173155434217733,0.9860349029556295,0.06666666666666665,reported,Selected-for-investigation denominator
S2_TEST_COMPLETION,MACKI2020,2020,USA,Retrospective multidisciplinary cohort,Multidisciplinary NPH conference,Tap test,142,167,0.8502994011976048,0.7869927897987341,0.9007185435510461,0.14970059880239517,reported,Some patients may enter overlapping ELD pathways
S2_TEST_COMPLETION,BREAN2008,2008,Norway,Population-referral diagnostic cohort,Active population-referral ascertainment,Lumbar puncture,63,64,0.984375,0.9159896735656463,0.9996044874859493,0.015625,reported,One technically impossible procedure
S3_TEST_POSITIVE_TO_SHUNT,GALLINA2018,2018,Italy,Retrospective consecutive cohort,ELD-selected cohort,ELD,62,66,0.9393939393939394,0.8520324360541544,0.983241777301832,0.06060606060606055,reported,Positive ELD denominator
S3_TEST_POSITIVE_TO_SHUNT,KLASSEN2011,2011,USA,Population-linked retrospective cohort,Invasively evaluated suspected cohort,HVLP,11,14,0.7857142857142857,0.4920243229515282,0.9534207121101327,0.2142857142857143,reported,Positive HVLP denominator
S3_TEST_POSITIVE_TO_SHUNT,OIKE2021,2021,Japan,Retrospective high-risk screening cohort,High-risk fall screening cohort,Tap test,27,29,0.9310344827586207,0.7723381100555138,0.9915360377469982,0.06896551724137934,reported,Probable iNPH after positive tap test
S3_TEST_POSITIVE_TO_SHUNT,JUNKKARI2019,2019,Finland,Retrospective registry protocol cohort,Protocol referral registry,Tap test,98,103,0.9514563106796117,0.8903438522405104,0.9840524059481867,0.04854368932038833,reported,Tap-positive group chosen as the one Kuopio effect
S3_TEST_POSITIVE_TO_SHUNT,MARMAROU2005,2005,USA,Prospective protocol cohort,Clinical iNPH protocol cohort,ELD,84,100,0.84,0.7532124025891376,0.9056897100260538,0.16000000000000003,reported,Positive ELD denominator
S4_RECOMMENDATION_TO_SHUNT,MOREL2026,2026,Switzerland,Consecutive implementation cohort,Multidisciplinary implementation cohort,NA,16,27,0.5925925925925926,0.3879839302596819,0.7761027086494187,0.40740740740740744,reported,Recommendation-to-operation implementation
S4_RECOMMENDATION_TO_SHUNT,BELZILE2026,2026,Canada,Retrospective clinical cohort,Probable iNPH after tap test,Tap test,114,119,0.957983193277311,0.9046690702623528,0.9862186048098772,0.04201680672268904,reported,Five referred patients declined
S4_RECOMMENDATION_TO_SHUNT,MACKI2020,2020,USA,Retrospective multidisciplinary cohort,Multidisciplinary NPH conference,Tap test,86,102,0.8431372549019608,0.7577988636526554,0.9075975348697751,0.1568627450980392,reported,Positive/referred denominator
S5_POSTSHUNT_RESPONSE_6_12M,GALLINA2018,2018,Italy,Retrospective consecutive cohort,ELD-selected cohort,ELD,60,68,0.8823529411764706,0.7812828942922204,0.9478162553301192,0.11764705882352944,reported,Twelve-month response
S5_POSTSHUNT_RESPONSE_6_12M,ALHUSAINI2024,2024,USA,Prospective implementation cohort,Multidisciplinary referral clinic,NA,36,41,0.8780487804878049,0.7379553244516902,0.9591932737525728,0.12195121951219512,reported,Twelve-month response
S5_POSTSHUNT_RESPONSE_6_12M,MARTINLAEZ2016,2016,Spain,Prospective population referral cohort,Defined-catchment referral,NA,119,152,0.7828947368421053,0.7088369253582931,0.8455945767289406,0.2171052631578947,reported,Six-month study-defined good outcome
S5_POSTSHUNT_RESPONSE_6_12M,MAHR2016,2016,Germany,Consecutive observational cohort,Consecutive suspected cohort,ELD,26,33,0.7878787878787878,0.6109190803258866,0.9101957554572987,0.21212121212121215,reported,Includes initial ETV in two patients; retain strict model only if treatment definition is accepted
S5_POSTSHUNT_RESPONSE_6_12M,POUDEL2026,2026,India,Prospective clinical cohort,Probable iNPH cohort,Tap test,15,24,0.625,0.4059363840079441,0.8120070718039977,0.375,reported,Twenty-four-week mRS response
